{"loss":{"0":0.2494351864,"1":0.1685078144,"2":0.1131029353,"3":0.0953813493,"4":0.0916854814,"5":0.0886530578,"6":0.0842673406,"7":0.0834990293,"8":0.0801698565,"9":0.080487594,"10":0.0768362284,"11":0.0756364539,"12":0.0740829036,"13":0.0731982961,"14":0.0709564164,"15":0.0699655712,"16":0.0674809739,"17":0.0670613945,"18":0.0660955235,"19":0.0632835329,"20":0.0629776418,"21":0.0604440942,"22":0.0596325845,"23":0.0603030771,"24":0.0589400381,"25":0.0557163469,"26":0.054211095,"27":0.0530169159,"28":0.0505894423,"29":0.0509876981,"30":0.048207771,"31":0.0466730222,"32":0.0459982716,"33":0.0443747342,"34":0.0474992655,"35":0.0448328815,"36":0.0448504128,"37":0.0424246453,"38":0.0414106101,"39":0.0408666991,"40":0.0390559658,"41":0.0383019485,"42":0.0385821424,"43":0.0389181525,"44":0.0372027904,"45":0.0384967141,"46":0.0380048156,"47":0.0358999856,"48":0.0358831733,"49":0.0355232395,"50":0.0348019265,"51":0.0358912125,"52":0.035796091,"53":0.0340088792,"54":0.0344540626,"55":0.0341471769,"56":0.0342535041,"57":0.0337901972,"58":0.0333475024,"59":0.0333890468,"60":0.0329404958,"61":0.0328772031,"62":0.0326955356,"63":0.0327544659,"64":0.0325069316,"65":0.0325499102,"66":0.0321542174,"67":0.0323446505,"68":0.0319578238,"69":0.0320304148,"70":0.031799268,"71":0.0317112878,"72":0.0316816345,"73":0.0317044854,"74":0.0315506905,"75":0.0315099023,"76":0.0314513892,"77":0.0314720906,"78":0.0313689709,"79":0.0313279852,"80":0.0313216336,"81":0.0312541574,"82":0.0312493984,"83":0.031221509,"84":0.0312090684,"85":0.0312022101,"86":0.0311926026,"87":0.0311851446,"88":0.0311790127,"89":0.0311769266,"90":0.0311757438,"91":0.0311754644,"92":0.0311754625,"93":0.0311754644,"94":0.0311754625,"95":0.0311754625,"96":0.0311754625,"97":0.0311754625},"root_mean_squared_error":{"0":0.4994348586,"1":0.4104970396,"2":0.3363077939,"3":0.3088387251,"4":0.3027960956,"5":0.2977466285,"6":0.2902883589,"7":0.2889619768,"8":0.2831428349,"9":0.283703357,"10":0.2771934867,"11":0.2750208378,"12":0.2721817493,"13":0.2705518305,"14":0.2663764358,"15":0.2645100653,"16":0.2597709894,"17":0.2589621246,"18":0.2570905089,"19":0.2515622079,"20":0.2509534657,"21":0.2458538115,"22":0.2441978455,"23":0.2455668598,"24":0.2427756935,"25":0.2360431105,"26":0.2328327596,"27":0.2302540094,"28":0.2249209732,"29":0.2258045524,"30":0.2195626646,"31":0.2160394043,"32":0.2144720703,"33":0.2106531262,"34":0.2179432511,"35":0.2117377669,"36":0.2117791623,"37":0.2059724331,"38":0.2034959644,"39":0.202155143,"40":0.1976258159,"41":0.1957088411,"42":0.1964233816,"43":0.1972768456,"44":0.1928802431,"45":0.1962058097,"46":0.1949482411,"47":0.1894729137,"48":0.1894285381,"49":0.1884761006,"50":0.1865527481,"51":0.1894497573,"52":0.1891985536,"53":0.184414953,"54":0.1856180578,"55":0.1847895533,"56":0.1850770265,"57":0.183821097,"58":0.1826129854,"59":0.1827266961,"60":0.1814951748,"61":0.1813207269,"62":0.1808190793,"63":0.180981949,"64":0.1802967936,"65":0.1804159284,"66":0.1793159693,"67":0.1798461825,"68":0.1787675172,"69":0.1789704263,"70":0.1783234924,"71":0.1780766398,"72":0.1779933423,"73":0.1780575365,"74":0.1776251197,"75":0.1775102913,"76":0.1773453951,"77":0.177403748,"78":0.1771128774,"79":0.17699714,"80":0.1769791842,"81":0.1767884493,"82":0.1767749935,"83":0.1766960919,"84":0.1766608953,"85":0.1766414791,"86":0.1766142696,"87":0.1765931696,"88":0.1765757948,"89":0.1765699089,"90":0.1765665412,"91":0.1765657365,"92":0.1765657514,"93":0.1765657514,"94":0.1765657514,"95":0.1765657514,"96":0.1765657514,"97":0.1765657514},"val_loss":{"0":0.1865157932,"1":0.1011209115,"2":0.050832659,"3":0.0364112593,"4":0.0291945189,"5":0.0267394613,"6":0.0301362574,"7":0.035939768,"8":0.0321644582,"9":0.0334244631,"10":0.0327094942,"11":0.0379820615,"12":0.0389789678,"13":0.0488918796,"14":0.0512339696,"15":0.0437080264,"16":0.0538489893,"17":0.0618476197,"18":0.054204762,"19":0.0596128739,"20":0.0700956285,"21":0.0589537136,"22":0.0496164188,"23":0.0528248101,"24":0.0537590086,"25":0.0405343622,"26":0.0450881198,"27":0.0438508987,"28":0.0409500003,"29":0.0502055176,"30":0.0350757763,"31":0.0342513062,"32":0.0366057642,"33":0.0366157256,"34":0.0274195746,"35":0.0365324467,"36":0.03236394,"37":0.0352283716,"38":0.0298144259,"39":0.0306571815,"40":0.0288602412,"41":0.0279199965,"42":0.0266666543,"43":0.0289384406,"44":0.0259887166,"45":0.0252153762,"46":0.0268703829,"47":0.0251050834,"48":0.02726762,"49":0.0255664494,"50":0.0233882163,"51":0.0242325049,"52":0.0254733171,"53":0.0233637244,"54":0.0237881728,"55":0.0239031762,"56":0.0245765969,"57":0.0249273647,"58":0.0228646435,"59":0.0233920682,"60":0.0235940125,"61":0.023632627,"62":0.0234431513,"63":0.023245845,"64":0.0233390443,"65":0.023105409,"66":0.0238375813,"67":0.0229485091,"68":0.0223537534,"69":0.0227420386,"70":0.0231988654,"71":0.0231351908,"72":0.0230035614,"73":0.0229419805,"74":0.0230746455,"75":0.0228404161,"76":0.0228756703,"77":0.0226251408,"78":0.0227863751,"79":0.022794012,"80":0.0229158811,"81":0.0228717979,"82":0.0228653066,"83":0.0228270851,"84":0.0228670165,"85":0.0228851065,"86":0.0228786431,"87":0.0228668153,"88":0.0228628069,"89":0.0228624716,"90":0.0228625964,"91":0.0228625964,"92":0.0228625964,"93":0.0228625964,"94":0.0228625964,"95":0.0228625964,"96":0.0228625964,"97":0.0228625964},"val_root_mean_squared_error":{"0":0.431874752,"1":0.317995131,"2":0.2254609913,"3":0.1908173412,"4":0.1708640307,"5":0.1635220647,"6":0.1735979766,"7":0.1895778626,"8":0.17934452,"9":0.1828235835,"10":0.1808576584,"11":0.1948898733,"12":0.1974309236,"13":0.2211150974,"14":0.2263492346,"15":0.2090646476,"16":0.232053861,"17":0.2486918122,"18":0.2328191698,"19":0.2441574931,"20":0.2647558153,"21":0.2428038716,"22":0.2227474451,"23":0.2298364788,"24":0.2318598926,"25":0.2013314664,"26":0.2123396397,"27":0.209406063,"28":0.2023610622,"29":0.2240658849,"30":0.1872852892,"31":0.1850710809,"32":0.1913263351,"33":0.1913523525,"34":0.1655885577,"35":0.1911346316,"36":0.1798998117,"37":0.187692225,"38":0.1726685464,"39":0.1750919223,"40":0.1698830277,"41":0.1670927852,"42":0.1632992774,"43":0.1701130271,"44":0.1612101644,"45":0.158793509,"46":0.1639218777,"47":0.1584458351,"48":0.1651290953,"49":0.1598951221,"50":0.1529320627,"51":0.1556679308,"52":0.1596036255,"53":0.152851969,"54":0.154234156,"55":0.1546065211,"56":0.1567692459,"57":0.1578840166,"58":0.1512106061,"59":0.1529446542,"60":0.1536034197,"61":0.1537290663,"62":0.153111577,"63":0.1524658948,"64":0.1527712047,"65":0.1520046294,"66":0.1543942392,"67":0.1514876634,"68":0.1495117098,"69":0.1508046389,"70":0.1523117423,"71":0.1521025598,"72":0.151669234,"73":0.1514661163,"74":0.1519034058,"75":0.1511304677,"76":0.1512470394,"77":0.1504165679,"78":0.1509515792,"79":0.1509768665,"80":0.151379928,"81":0.1512342542,"82":0.1512127817,"83":0.1510863453,"84":0.1512184292,"85":0.1512782425,"86":0.1512568742,"87":0.1512177736,"88":0.1512045264,"89":0.1512034088,"90":0.1512038261,"91":0.1512038261,"92":0.1512038261,"93":0.1512038261,"94":0.1512038261,"95":0.1512038261,"96":0.1512038261,"97":0.1512038261}}