{"loss":{"0":0.6949017644,"1":0.4182662964,"2":0.2100672573,"3":0.1210467815,"4":0.103470467,"5":0.0987182409,"6":0.0926531479,"7":0.0901589468,"8":0.0874684155,"9":0.0813235939,"10":0.0749678016,"11":0.0705360025,"12":0.0658873469,"13":0.0641124174,"14":0.0635327324,"15":0.0546931662,"16":0.0499595515,"17":0.0423159935,"18":0.0417102613,"19":0.0426123515,"20":0.0403183252,"21":0.0373426788,"22":0.0378262252,"23":0.032815244,"24":0.0335440151,"25":0.0313105769,"26":0.0314719081,"27":0.0310382005,"28":0.034569256,"29":0.0302686319,"30":0.0308828373,"31":0.0346400142,"32":0.0303616449,"33":0.0299913213,"34":0.0268158503,"35":0.0276489742,"36":0.0262357909,"37":0.0274211764,"38":0.0291173104,"39":0.026389325,"40":0.0294277128,"41":0.0260604192,"42":0.0246694796,"43":0.0268237703,"44":0.0301284492,"45":0.0261025429,"46":0.0245478377,"47":0.0237272661,"48":0.0239955056,"49":0.0237101596,"50":0.0228680391,"51":0.0233283825,"52":0.022975754,"53":0.0219827108,"54":0.0224825963,"55":0.0218824558,"56":0.0207739156,"57":0.0215333663,"58":0.0214701667,"59":0.0211932883,"60":0.0203693546,"61":0.0203470215,"62":0.0210479889,"63":0.0202376526,"64":0.0206193738,"65":0.0200519916,"66":0.0201636739,"67":0.0204800069,"68":0.0204435419,"69":0.0196292233,"70":0.0196165554,"71":0.0197017659,"72":0.0193771757,"73":0.0196080934,"74":0.019562738,"75":0.0195005517,"76":0.0193608925,"77":0.0193426497,"78":0.0193009637,"79":0.019443715,"80":0.019306602,"81":0.0192136299,"82":0.0192082245,"83":0.0191647261,"84":0.0191507693,"85":0.0191536006,"86":0.0191442817,"87":0.0191282593,"88":0.0191278588,"89":0.0191206355,"90":0.0191191118,"91":0.0191187207,"92":0.0191187207,"93":0.0191187207,"94":0.0191187207,"95":0.0191187188,"96":0.0191187207,"97":0.0191187207,"98":0.0191187188,"99":0.0191187188,"100":0.0191187207},"root_mean_squared_error":{"0":0.8336076736,"1":0.6467351317,"2":0.4583309591,"3":0.3479177654,"4":0.3216682374,"5":0.3141945899,"6":0.304389745,"7":0.3002648056,"8":0.2957505882,"9":0.2851729095,"10":0.273802489,"11":0.2655861676,"12":0.2566853166,"13":0.2532042861,"14":0.2520570159,"15":0.2338657081,"16":0.2235163301,"17":0.2057085186,"18":0.2042309046,"19":0.2064275891,"20":0.2007942349,"21":0.193242535,"22":0.1944896579,"23":0.1811497808,"24":0.1831502467,"25":0.1769479364,"26":0.1774032414,"27":0.1761766076,"28":0.1859280914,"29":0.1739788204,"30":0.1757351309,"31":0.1861182749,"32":0.1742459387,"33":0.1731800288,"34":0.1637554616,"35":0.1662798077,"36":0.1619746536,"37":0.1655934006,"38":0.1706379652,"39":0.1624479145,"40":0.1715450883,"41":0.1614324003,"42":0.1570652127,"43":0.1637796462,"44":0.1735754907,"45":0.1615628153,"46":0.1566774994,"47":0.1540365666,"48":0.1549048126,"49":0.1539810449,"50":0.1512218118,"51":0.1527363211,"52":0.1515775472,"53":0.1482656747,"54":0.1499419808,"55":0.1479272097,"56":0.144131586,"57":0.1467425078,"58":0.1465270221,"59":0.1455791444,"60":0.1427212656,"61":0.1426429749,"62":0.1450792402,"63":0.142259106,"64":0.1435944736,"65":0.1416050643,"66":0.1419988573,"67":0.1431083679,"68":0.1429809183,"69":0.1401043385,"70":0.1400591135,"71":0.140362978,"72":0.1392019242,"73":0.1400289088,"74":0.1398668587,"75":0.1396443695,"76":0.1391434371,"77":0.1390778571,"78":0.1389279068,"79":0.1394407153,"80":0.1389481872,"81":0.1386132389,"82":0.1385937333,"83":0.1384367347,"84":0.1383863091,"85":0.1383965313,"86":0.1383628547,"87":0.1383049637,"88":0.1383035034,"89":0.1382773817,"90":0.1382718831,"91":0.1382704675,"92":0.1382704526,"93":0.1382704675,"94":0.1382704675,"95":0.1382704526,"96":0.1382704675,"97":0.1382704526,"98":0.1382704526,"99":0.1382704675,"100":0.1382704675},"val_loss":{"0":0.571705997,"1":0.358846277,"2":0.2264165431,"3":0.2181807458,"4":0.2095756382,"5":0.1736256629,"6":0.1553635746,"7":0.1556656957,"8":0.1315029562,"9":0.1142784059,"10":0.1104558483,"11":0.0939935744,"12":0.0763969868,"13":0.0580676198,"14":0.0367721133,"15":0.039445851,"16":0.0269461032,"17":0.0345522054,"18":0.0218648184,"19":0.0264940932,"20":0.0256170928,"21":0.029041566,"22":0.0373906493,"23":0.0271140188,"24":0.0322073661,"25":0.0380842127,"26":0.0292600226,"27":0.0365746915,"28":0.0406972431,"29":0.0302180275,"30":0.0356051214,"31":0.045864597,"32":0.034541741,"33":0.0394687355,"34":0.0377865881,"35":0.0439671502,"36":0.0405209735,"37":0.04099188,"38":0.0377771035,"39":0.0474392995,"40":0.0368121341,"41":0.0450771376,"42":0.0476013273,"43":0.0379033387,"44":0.0372471884,"45":0.0506539792,"46":0.0390699543,"47":0.038111642,"48":0.0443160608,"49":0.0371923149,"50":0.0446931943,"51":0.0442384481,"52":0.0505158268,"53":0.0369770452,"54":0.0418975577,"55":0.046899192,"56":0.0441113524,"57":0.0454100445,"58":0.0419144258,"59":0.0458517857,"60":0.0428328663,"61":0.0438423567,"62":0.0429035462,"63":0.0434668958,"64":0.0459291823,"65":0.0440353788,"66":0.0452911481,"67":0.0420553684,"68":0.0415353402,"69":0.0427181721,"70":0.0442927331,"71":0.0444313586,"72":0.0446167514,"73":0.0438923463,"74":0.0448379815,"75":0.0447380319,"76":0.0442221463,"77":0.0432427302,"78":0.0439285822,"79":0.0433380567,"80":0.0439477563,"81":0.0441158488,"82":0.0440581366,"83":0.0439006165,"84":0.0438994989,"85":0.0438904986,"86":0.0439622402,"87":0.0439208448,"88":0.043966271,"89":0.0439591482,"90":0.0439595208,"91":0.0439595208,"92":0.0439595208,"93":0.0439595208,"94":0.0439595208,"95":0.0439595208,"96":0.0439595208,"97":0.0439595208,"98":0.0439595208,"99":0.0439595208,"100":0.0439595208},"val_root_mean_squared_error":{"0":0.7561123967,"1":0.5990377665,"2":0.4758324921,"3":0.4670982063,"4":0.4577943385,"5":0.4166841209,"6":0.3941618502,"7":0.3945449293,"8":0.3626333773,"9":0.3380509019,"10":0.3323489726,"11":0.3065837026,"12":0.2764000595,"13":0.2409722358,"14":0.1917605698,"15":0.1986097991,"16":0.1641526818,"17":0.1858822405,"18":0.1478675753,"19":0.1627700627,"20":0.1600534022,"21":0.1704158634,"22":0.193366617,"23":0.1646633446,"24":0.1794641018,"25":0.1951517612,"26":0.1710556149,"27":0.1912451088,"28":0.201735571,"29":0.1738333404,"30":0.1886932105,"31":0.2141602039,"32":0.1858540922,"33":0.198667407,"34":0.194387719,"35":0.2096834481,"36":0.201298207,"37":0.2024645209,"38":0.1943633258,"39":0.2178056389,"40":0.1918648928,"41":0.2123137563,"42":0.2181772888,"43":0.1946877986,"44":0.1929952949,"45":0.225064382,"46":0.1976612061,"47":0.1952220201,"48":0.2105138153,"49":0.192853108,"50":0.2114076465,"51":0.2103293836,"52":0.224757269,"53":0.1922941804,"54":0.2046889216,"55":0.2165622264,"56":0.2100270241,"57":0.2130963355,"58":0.2047301233,"59":0.2141302973,"60":0.2069610208,"61":0.2093856633,"62":0.2071316987,"63":0.2084871531,"64":0.2143109441,"65":0.2098460793,"66":0.2128171623,"67":0.205074057,"68":0.2038022131,"69":0.2066837549,"70":0.210458383,"71":0.2107874751,"72":0.2112267911,"73":0.2095049918,"74":0.211749807,"75":0.2115136534,"76":0.2102906257,"77":0.2079488784,"78":0.2095914632,"79":0.208177954,"80":0.2096371949,"81":0.2100377232,"82":0.2099002898,"83":0.2095247358,"84":0.2095220685,"85":0.209500581,"86":0.2096717507,"87":0.2095730007,"88":0.2096813619,"89":0.2096643746,"90":0.2096652687,"91":0.2096652687,"92":0.2096652687,"93":0.2096652687,"94":0.2096652687,"95":0.2096652687,"96":0.2096652687,"97":0.2096652687,"98":0.2096652687,"99":0.2096652687,"100":0.2096652687}}